"id","name","category","subcategory","description","price","image_url","in_stock","created_at","updated_at","brand","series","material","features","specifications","dimensions","weight","color","model","sku"
"275","Barbeque Aanch","Barbeque","","Traditional/modern barbeque set for indoor or outdoor grilling.",,,"true",2025-07-27T06:35:35.225Z,2025-07-27T06:35:35.225Z,,,,,,,,,,
"356","Comb","Combs","",,,,"true",2025-07-27T06:35:35.239Z,2025-07-27T06:35:35.239Z,,,,,,,,"White",,
"273","Amlet","Cookware","","Specialty utensil, likely for making omelettes, as per regional terminology.",,,"true",2025-07-27T06:35:35.225Z,2025-07-27T06:35:35.225Z,,,,,,,,,,
"271","Cookware Set","Cookware","","Comprehensive kitchen cookware set, suitable for all standard Indian cooking needs.",,,"true",2025-07-27T06:35:35.224Z,2025-07-27T06:35:35.224Z,,,,,,,,,,
"272","Idli Pot","Cookware","","Aluminium idli steamers; available in basic (NP), heavy, and deluxe series for different capacity requirements.",,,"true",2025-07-27T06:35:35.225Z,2025-07-27T06:35:35.225Z,,"[object Object]",,,,,,,,
"346","Dental Kit","Dental & Oral Care","","Complete dental kit (toothpaste+toothbrush) in printed box for hotels. MOQ 500 sets.",,,"true",2025-07-27T06:35:35.239Z,2025-07-27T06:35:35.239Z,,,,,,,,,,
"348","Plastic Toothbrush","Dental & Oral Care","","Standard white hotel-use toothbrushes.",,,"true",2025-07-27T06:35:35.239Z,2025-07-27T06:35:35.239Z,,,,,,,,,,
"345","Toothpaste","Dental & Oral Care","","Available in leading Indian brands. Small tubes ideal for one-time hotel guest use.",,,"true",2025-07-27T06:35:35.239Z,2025-07-27T06:35:35.239Z,,,,,,,,,,
"347","Wooden Toothbrush","Dental & Oral Care","","Eco-friendly bamboo/wooden toothbrush for sustainable hotel amenities.",,,"true",2025-07-27T06:35:35.239Z,2025-07-27T06:35:35.239Z,,,"Wood",,,,,,,
"343","Disposable Slippers (Green Logo)","Disposable Slippers","","Branded with a green logo, these are also suitable for hotels and guest rooms.",,,"true",2025-07-27T06:35:35.239Z,2025-07-27T06:35:35.239Z,,,,"Soft, breathable material, Non-slip sole for all surfaces, Green logo branding",,,,,,
"342","Disposable Slippers (Regular)","Disposable Slippers","","Comfortable, hygienic slippers for hotels, spas, salons, or guest use.",,,"true",2025-07-27T06:35:35.239Z,2025-07-27T06:35:35.239Z,,,,"Soft, breathable material, Non-slip sole for safety on various surfaces, Unisex – suitable for men and women",,,,,,
"344","Disposable Slippers (With Open Toe)","Disposable Slippers","","Open toe slippers for enhanced comfort, supplied in bulk.",,,"true",2025-07-27T06:35:35.239Z,2025-07-27T06:35:35.239Z,,,,"Open toe design, Soft and breathable, Non-slip",,,,,,
"260","Double Burner Stove","Gas Stove","","Wide range of double-burner stoves in varying finishes, features, and designs for household or semi-commercial use.",,,"true",2025-07-27T06:35:35.224Z,2025-07-27T06:35:35.224Z,,,,,,,,,,
"262","Four Burner Stove","Gas Stove","","Premium four burner gas stove for professional or higher-end contemporary kitchens.",,,"true",2025-07-27T06:35:35.224Z,2025-07-27T06:35:35.224Z,,,,,,,,,,
"263","Green Gas 2 Burner","Gas Stove","","Eco-friendly model, further details available on request.",,,"true",2025-07-27T06:35:35.224Z,2025-07-27T06:35:35.224Z,,,,,,,,,,
"264","Original Burner","Gas Stove","","Standard, classic burner style.",,,"true",2025-07-27T06:35:35.224Z,2025-07-27T06:35:35.224Z,,,,,,,,,,
"259","Single Burner Stove","Gas Stove","","Compact gas stoves ideal for single-burner kitchens, student accommodations or as auxiliary burners.",,,"true",2025-07-27T06:35:35.224Z,2025-07-27T06:35:35.224Z,,,,,,,,,,
"261","Triple Burner Stove","Gas Stove","","Triple burner stoves available in different finishes and advanced digital/semi-digital variants. Suitable for larger families.",,,"true",2025-07-27T06:35:35.224Z,2025-07-27T06:35:35.224Z,,,,,,,,,,
"361","Disposable Glass Cover","Glass Covers","","Single-use, paper-based glass covers designed to provide a hygienic drinking glass experience for hotel guests. Helps assure cleanliness and safety in hospitality settings.",,,"true",2025-07-27T06:35:35.239Z,2025-07-27T06:35:35.239Z,,,,"Printed 'Sanitized & Cleaned' message or custom hotel branding, Fits standard hotel glasses, Hygienic, disposable",,,,,,
"357","Hotel Guest Kit","Guest Kits","","A curated collection of essential toiletries and amenities designed to provide a luxurious hotel stay experience. Each kit includes: premium shampoo, conditioner, body wash, body lotion, dental care set, and a comb, all beautifully packed for convenience. Crafted with gentle, skin-friendly ingredients for a refreshing and comfortable guest experience. Suitable for hotels seeking to enhance their amenity offerings.",,,"true",2025-07-27T06:35:35.239Z,2025-07-27T06:35:35.239Z,,,,,,,,,,
"339","Conditioner","Guest Toiletries: 20ml Bottles","","20ml hotel conditioner in convenient bottle. Custom hotel branding possible.",,,"true",2025-07-27T06:35:35.239Z,2025-07-27T06:35:35.239Z,,,,"Premium, skin-friendly ingredients, Recyclable bottles, Custom branding available",,,,,,
"338","Moisturizer","Guest Toiletries: 20ml Bottles","","High-quality 20ml moisturizer, travel-sized for hotels. Custom branding and eco-friendly packaging.",,,"true",2025-07-27T06:35:35.239Z,2025-07-27T06:35:35.239Z,,,,"Premium, skin-friendly ingredients, Recyclable bottles, Custom branding available",,,,,,
"341","Shampoo","Guest Toiletries: 20ml Bottles","","Travel-size hotel shampoo, 20ml per bottle.",,,"true",2025-07-27T06:35:35.239Z,2025-07-27T06:35:35.239Z,,,,"Premium, skin-friendly ingredients, Recyclable bottles, Custom branding available",,,,,,
"340","Shower Gel","Guest Toiletries: 20ml Bottles","","20ml shower gel meant for short-stay guests or travel use.",,,"true",2025-07-27T06:35:35.239Z,2025-07-27T06:35:35.239Z,,,,"Premium, skin-friendly ingredients, Recyclable bottles, Custom branding available",,,,,,
"330","Conditioner","Hotel Amenities","Guest Toiletries","20ml hotel conditioner in convenient bottle. Custom hotel branding possible.",,"conditioner_20ml.jpg","true",2025-07-27T06:35:35.235Z,2025-07-27T06:35:35.235Z,,,,"Premium, skin-friendly ingredients, Recyclable bottles, Custom branding available",,,,,,
"328","Hotel Soap – Round (Yellow)","Hotel Amenities","Hotel Soaps","Round yellow soap bars, ideal for hotel amenities.",,"hotel_soap_yellow.jpg","true",2025-07-27T06:35:35.235Z,2025-07-27T06:35:35.235Z,,,,,,,,,,
"327","Hotel Soap – Square (Orange)","Hotel Amenities","Hotel Soaps","Available in transparent orange square form. Bulk packaging for hotels.",,"hotel_soap_orange.jpg","true",2025-07-27T06:35:35.235Z,2025-07-27T06:35:35.235Z,,,,,,,,,,
"329","Moisturizer","Hotel Amenities","Guest Toiletries","High-quality 20ml moisturizer, travel-sized for hotels. Custom branding and eco-friendly packaging.",,"moisturizer_20ml.jpg","true",2025-07-27T06:35:35.235Z,2025-07-27T06:35:35.235Z,,,,"Premium, skin-friendly ingredients, Recyclable bottles, Custom branding available",,,,,,
"337","Hotel Soap – Custom Branding","Hotel Soaps","","Custom label option available for hotel soaps.",,,"true",2025-07-27T06:35:35.239Z,2025-07-27T06:35:35.239Z,,,,,,,,,,
"334","Hotel Soap – Round (Yellow)","Hotel Soaps","","Round yellow soap bars, ideal for hotel amenities.",,,"true",2025-07-27T06:35:35.239Z,2025-07-27T06:35:35.239Z,,,,,,,,,,
"335","Hotel Soap – Sachet Packaged","Hotel Soaps","","Hotel soap packed in individual sachets for hygienic use.",,,"true",2025-07-27T06:35:35.239Z,2025-07-27T06:35:35.239Z,,,,,,,,,,
"333","Hotel Soap – Square (Orange)","Hotel Soaps","","Available in transparent orange square form. Bulk packaging for hotels.",,,"true",2025-07-27T06:35:35.239Z,2025-07-27T06:35:35.239Z,,,,,,,,,,
"336","Hotel Soap – Square (White)","Hotel Soaps","","White square soaps, available in bulk with optional custom branding.",,,"true",2025-07-27T06:35:35.239Z,2025-07-27T06:35:35.239Z,,,,,,,,,,
"315","Mug Polo","Household Products","Bath Mug","Durable plastic bath mugs in the Polo design",,"mug_polo.jpg","true",2025-07-27T06:35:35.235Z,2025-07-27T06:35:35.235Z,,,,,,,,,,
"316","Mug Square","Household Products","Bath Mug","Square-shaped bath mugs available in plain or printed designs",,"mug_square.jpg","true",2025-07-27T06:35:35.235Z,2025-07-27T06:35:35.235Z,,,,,,,,,,
"317","Papad Box","Household Products","Storage Containers","Specialized containers for storing papads and similar dry snacks",,"papad_box.jpg","true",2025-07-27T06:35:35.235Z,2025-07-27T06:35:35.235Z,,,,,,,,,,
"314","Round Bucket","Household Products","Water Buckets","Round buckets available in printed or plain designs",,"round_bucket.jpg","true",2025-07-27T06:35:35.235Z,2025-07-27T06:35:35.235Z,,,,,,,,,,
"313","Stallio Bucket","Household Products","Water Buckets","Durable plastic buckets available in various sizes and with optional lids",,"stallio_bucket.jpg","true",2025-07-27T06:35:35.235Z,2025-07-27T06:35:35.235Z,"Stallio",,,"Available with or without lid, Durable plastic, Printed options",,,,,,
"318","TP Set","Household Products","Storage Containers","Set of transparent plastic containers for food storage",,"tp_set.jpg","true",2025-07-27T06:35:35.235Z,2025-07-27T06:35:35.235Z,,,,,,,,,,
"324","300 x 200 x 100 mm Crate","Industrial Plastic Crates","300 x 200 Series","Industrial plastic crate suitable for small parts storage",,"300x200x100_crate.jpg","true",2025-07-27T06:35:35.235Z,2025-07-27T06:35:35.235Z,"Saran",,,,,,,,,
"323","300 x 200 x 70 mm Crate","Industrial Plastic Crates","300 x 200 Series","Industrial plastic crate suitable for small parts storage",,"300x200x70_crate.jpg","true",2025-07-27T06:35:35.235Z,2025-07-27T06:35:35.235Z,"Saran",,,,,,,,,
"326","400 x 300 x 100 mm Crate","Industrial Plastic Crates","400 x 300 Series","Industrial plastic crate suitable for medium parts storage",,"400x300x100_crate.jpg","true",2025-07-27T06:35:35.235Z,2025-07-27T06:35:35.235Z,"Saran",,,,,,,,,
"325","400 x 300 x 65 mm Crate","Industrial Plastic Crates","400 x 300 Series","Industrial plastic crate suitable for medium parts storage",,"400x300x65_crate.jpg","true",2025-07-27T06:35:35.235Z,2025-07-27T06:35:35.235Z,"Saran",,,,,,,,,
"319","Aluminium Pressure Cooker","Kitchen World","Pressure Cookers","Crafted from virgin aluminium. Extra heavy gauge, rust-free stainless steel vent tube, bakelite heat-resistant handles, and safety valve.",,"aluminium_pressure_cooker.jpg","true",2025-07-27T06:35:35.235Z,2025-07-27T06:35:35.235Z,"OJAS",,"Aluminium","Virgin aluminium construction, Heavy gauge material, Rust-free stainless steel vent tube, Heat-resistant bakelite handles, Safety valve",,,,,,
"322","Double Burner Stove","Kitchen World","Gas Stoves","Wide range of double-burner stoves in varying finishes, features, and designs for household or semi-commercial use.",,"double_burner_stove.jpg","true",2025-07-27T06:35:35.235Z,2025-07-27T06:35:35.235Z,"OJAS",,,,,,,,,
"320","Elegance Plain Aluminium Pressure Cooker","Kitchen World","Pressure Cookers","Premium virgin aluminium, extra heavy gauge. Rust-free SS vent, heat-resistant bakelite handles, safety valve, and curved body for easy stirring.",,"elegance_plain_cooker.jpg","true",2025-07-27T06:35:35.235Z,2025-07-27T06:35:35.235Z,"OJAS",,"Aluminium","Premium virgin aluminium, Extra heavy gauge, Rust-free stainless steel vent, Heat-resistant bakelite handles, Safety valve, Curved body for easy stirring",,,,,,
"321","Single Burner Stove","Kitchen World","Gas Stoves","Compact gas stoves ideal for single-burner kitchens, student accommodations or as auxiliary burners.",,"single_burner_stove.jpg","true",2025-07-27T06:35:35.235Z,2025-07-27T06:35:35.235Z,"OJAS",,,,,,,,,
"362","Non Woven Disposable Laundry Bag","Laundry Bags","","Single-use laundry bags made from durable non-woven material, designed for hotels and hospitality industry. Ideal for guest laundry collection.",,,"true",2025-07-27T06:35:35.239Z,2025-07-27T06:35:35.239Z,,,,"Disposable and hygienic, Strong non-woven fabric, Drawstring or sealed closure options, Available in different sizes",,,,,,
"311","Divine Pen 1","Metal Pens","Innovate & Other Series","Premium metal pen from the Innovate Series collection",,"innovate_divine_1.jpg","true",2025-07-27T06:35:35.235Z,2025-07-27T06:35:35.235Z,"Dyna","Innovate Series","Metal","Smooth writing experience, Premium metal construction, Elegant design",,,,,,
"312","Divine Pen 2","Metal Pens","Innovate & Other Series","Premium metal pen from the Innovate Series collection",,"innovate_divine_2.jpg","true",2025-07-27T06:35:35.235Z,2025-07-27T06:35:35.235Z,"Dyna","Innovate Series","Metal","Smooth writing experience, Premium metal construction, Elegant design",,,,,,
"307","Essence","Metal Pens","Vertex Series","Premium metal pen from the Vertex Series collection",,"vertex_essence.jpg","true",2025-07-27T06:35:35.235Z,2025-07-27T06:35:35.235Z,"Dyna","Vertex Series","Metal","Smooth writing experience, Premium metal construction, Elegant design",,,,,,
"308","Essence","Metal Pens","Vertex Series","Premium metal pen from the Vertex Series collection",,"vertex_essence_2.jpg","true",2025-07-27T06:35:35.235Z,2025-07-27T06:35:35.235Z,"Dyna","Vertex Series","Metal","Smooth writing experience, Premium metal construction, Elegant design",,,,,,
"309","Galaxy","Metal Pens","Lumin Series","Premium metal pen from the Lumin Series collection",,"lumin_galaxy.jpg","true",2025-07-27T06:35:35.235Z,2025-07-27T06:35:35.235Z,"Dyna","Lumin Series","Metal","Smooth writing experience, Premium metal construction, Elegant design",,,,,,
"310","Galaxy","Metal Pens","Lumin Series","Premium metal pen from the Lumin Series collection",,"lumin_galaxy_2.jpg","true",2025-07-27T06:35:35.235Z,2025-07-27T06:35:35.235Z,"Dyna","Lumin Series","Metal","Smooth writing experience, Premium metal construction, Elegant design",,,,,,
"305","Sovereign","Metal Pens","Astral Series","Premium metal pen from the Astral Series collection",,"astral_sovereign.jpg","true",2025-07-27T06:35:35.235Z,2025-07-27T06:35:35.235Z,"Dyna","Astral Series","Metal","Smooth writing experience, Premium metal construction, Elegant design",,,,,,
"306","Zenith","Metal Pens","Astral Series","Premium metal pen from the Astral Series collection",,"astral_zenith.jpg","true",2025-07-27T06:35:35.235Z,2025-07-27T06:35:35.235Z,"Dyna","Astral Series","Metal","Smooth writing experience, Premium metal construction, Elegant design",,,,,,
"358","Naphthalene Balls (Colored)","Naphthalene Balls","","Multi-colored naphthalene balls used for deodorizing and insect repellent purposes in closets, bathrooms, and storage spaces. Available in attractive pastel colors.",,,"true",2025-07-27T06:35:35.239Z,2025-07-27T06:35:35.239Z,,,,"Long-lasting fragrance, Protects clothes and storage spaces from insects, Ideal for hotels, homes, wardrobes, and restrooms",,,,,,
"359","Naphthalene Balls (White)","Naphthalene Balls","","Classic white naphthalene balls, ideal for repelling insects and maintaining a fresh scent in various storage and sanitary areas.",,,"true",2025-07-27T06:35:35.239Z,2025-07-27T06:35:35.239Z,,,,"Traditional strong fragrance, Multi-purpose use",,,,,,
"364","Paper Glass Coaster","Paper Glass Coaster","","Lightweight, eco-friendly beverage coaster made from high-quality paper material. Designed to protect surfaces from spills, condensation, or heat damage in hotels, cafes, and events.",,,"true",2025-07-27T06:35:35.239Z,2025-07-27T06:35:35.239Z,,,,"Protects surfaces from glasses/condensation, Disposable and hygienic, Sleek, minimalist design, Available with branding, designs, and messages",,,,,,
"331","Triply Kadai","Premium Cookware","Tri-Ply Stainless Steel","Premium triply stainless steel kadai available in multiple sizes with or without lid",,"triply_kadai.jpg","true",2025-07-27T06:35:35.235Z,2025-07-27T06:35:35.235Z,"Bergner","TriPro",,"Tri-ply construction: even heat distribution, prevents hot spots, Compatible with induction and gas stoves, Premium handles and finishing",,,,,,
"332","Triply Tasla","Premium Cookware","Tri-Ply Stainless Steel","Same body as kadai, but without handles; triply construction.",,"triply_tasla.jpg","true",2025-07-27T06:35:35.235Z,2025-07-27T06:35:35.235Z,"Bergner","TriPro",,"Tri-ply construction: even heat distribution, prevents hot spots, Compatible with induction and gas stoves, Premium finishing",,,,,,
"253","Aluminium Pressure Cooker","Pressure Cooker","","Crafted from virgin aluminium. Extra heavy gauge, rust-free stainless steel vent tube, bakelite heat-resistant handles, and safety valve.",,,"true",2025-07-27T06:35:35.224Z,2025-07-27T06:35:35.224Z,,,"Aluminium",,,,,,,
"256","Elegance Contura Aluminium Pressure Cooker","Pressure Cooker","","Contura body for convenient stirring. Virgin aluminium, heavy gauge, secure handles and safety features.",,,"true",2025-07-27T06:35:35.224Z,2025-07-27T06:35:35.224Z,,,"Aluminium",,,,,,,
"255","Elegance Handi Aluminium Pressure Cooker","Pressure Cooker","","Handi shape for traditional Indian cooking, with the same high standards of safety and durability as other Ojas cookers.",,,"true",2025-07-27T06:35:35.224Z,2025-07-27T06:35:35.224Z,,,"Aluminium",,,,,,,
"254","Elegance Plain Aluminium Pressure Cooker","Pressure Cooker","","Premium virgin aluminium, extra heavy gauge. Rust-free SS vent, heat-resistant bakelite handles, safety valve, and curved body for easy stirring.",,,"true",2025-07-27T06:35:35.224Z,2025-07-27T06:35:35.224Z,,,"Aluminium",,,,,,,
"257","Hard Anodised Pressure Cooker","Pressure Cooker","","Hard anodized finish for extra durability and corrosion resistance. Standard Ojas safety and handling features.",,,"true",2025-07-27T06:35:35.224Z,2025-07-27T06:35:35.224Z,,,"Hard Anodized Aluminium",,,,,,,
"258","Stainless Steel Pressure Cooker","Pressure Cooker","","Rust-proof, elegant stainless steel body. Equipped with all standard Ojas safety and durability features.",,,"true",2025-07-27T06:35:35.224Z,2025-07-27T06:35:35.224Z,,,"Stainless Steel",,,,,,,
"301","Hospital Gloves","Safety Equipment","",,,,"true",2025-07-27T06:35:35.232Z,2025-07-27T06:35:35.232Z,,,,,,,,,,
"368","Sewing Kit","Sewing Kit","","Practical and compact sewing kit ideal for hotel guests. Contains all basic sewing essentials for minor repairs.",,,"true",2025-07-27T06:35:35.239Z,2025-07-27T06:35:35.239Z,,,,"Lightweight and travel-friendly, Basic essentials for emergencies, Custom branding possible",,,,,,
"352","Shaving Gel","Shaving Kits & Razors","",,,,"true",2025-07-27T06:35:35.239Z,2025-07-27T06:35:35.239Z,,,,,,,,,,
"351","Shaving Kit Box","Shaving Kits & Razors","",,,,"true",2025-07-27T06:35:35.239Z,2025-07-27T06:35:35.239Z,,,,,,,,,,
"350","Shaving Kit Pouch","Shaving Kits & Razors","",,,,"true",2025-07-27T06:35:35.239Z,2025-07-27T06:35:35.239Z,,,,,,,,,,
"354","Shaving Kit with Box","Shaving Kits & Razors","",,,,"true",2025-07-27T06:35:35.239Z,2025-07-27T06:35:35.239Z,,,,,,,,,,
"353","Shaving Kit with Pouch","Shaving Kits & Razors","",,,,"true",2025-07-27T06:35:35.239Z,2025-07-27T06:35:35.239Z,,,,,,,,,,
"349","Shaving Razor","Shaving Kits & Razors","",,,,"true",2025-07-27T06:35:35.239Z,2025-07-27T06:35:35.239Z,,,,,,,,,,
"355","Wax Shoes Shiner","Shoes Shiner","",,,,"true",2025-07-27T06:35:35.239Z,2025-07-27T06:35:35.239Z,,,,,,,,,,
"365","Premium Disposable Bouffant Cap (Green)","Shower Caps","",,,,"true",2025-07-27T06:35:35.239Z,2025-07-27T06:35:35.239Z,,,"Non-woven","Elastic band, Hygienic hair protection, Bulk pack of 100 pcs",,,,"Green",,
"366","Premium Disposable Bouffant Cap (White)","Shower Caps","",,,,"true",2025-07-27T06:35:35.239Z,2025-07-27T06:35:35.239Z,,,"Non-woven","Elastic band, Hygienic hair protection, Bulk pack of 100 pcs",,,,"White",,
"367","Shower Cap","Shower Caps","","Disposable shower cap available in green, blue and white color options. Waterproof, elastic, individually packed.",,,"true",2025-07-27T06:35:35.239Z,2025-07-27T06:35:35.239Z,,,,"Elastic band for secure fit, One size fits all, Hygienic and waterproof, Great for hotels, salons, spas",,,,,,
"269","Casserole","Thermoware","","Insulated casseroles for keeping food hot or cold.",,,"true",2025-07-27T06:35:35.224Z,2025-07-27T06:35:35.224Z,,,,,,,,,,
"268","Lite","Thermoware","","Simple, lightweight thermoware series.",,,"true",2025-07-27T06:35:35.224Z,2025-07-27T06:35:35.224Z,,,,,,,,,,
"265","Thomos Kettle","Thermoware","","Insulated kettle for hot and cold liquids.",,,"true",2025-07-27T06:35:35.224Z,2025-07-27T06:35:35.224Z,,,,,,,,,,
"266","Tiffin Capsule","Thermoware","","Compact, insulated lunch carriers (capsule form) for daily use.",,,"true",2025-07-27T06:35:35.224Z,2025-07-27T06:35:35.224Z,,,,,,,,,,
"267","Tiffin Tablet","Thermoware","","Tablet-style insulated lunch boxes for convenient transport.",,,"true",2025-07-27T06:35:35.224Z,2025-07-27T06:35:35.224Z,,,,,,,,,,
"270","Travel Jug","Thermoware","","Large capacity portable jugs with insulation for picnics or travel.",,,"true",2025-07-27T06:35:35.224Z,2025-07-27T06:35:35.224Z,,,,,,,,,,
"363","Toilet Seat WC Band","Toilet Seat WC Band","","Ensures hygiene and cleanliness for hotels, hospitals, and premium establishments. Used as a seal of sanitation, assures guests that the toilet seat has been freshly cleaned and disinfected.",,,"true",2025-07-27T06:35:35.239Z,2025-07-27T06:35:35.239Z,,,,"Acts as a seal of sanitation for toilets, Made from durable, eco-friendly material, Easily fits around standard toilet seats, Disposable after use",,,,,,
"274","Bati Bartan","Traditional Cookware","","Traditional Indian vessel, used for making bati or serving dal-bati; details on sizes on request.",,,"true",2025-07-27T06:35:35.225Z,2025-07-27T06:35:35.225Z,,,,,,,,,,
"80","Aether","Uncategorized","",,,,"true",2025-07-27T06:35:35.210Z,2025-07-27T06:35:35.210Z,,,,,,,,,"M-225",
"103","Agate","Uncategorized","",,,,"true",2025-07-27T06:35:35.210Z,2025-07-27T06:35:35.210Z,,,,,,,,,"M-248",
"104","Agate","Uncategorized","",,,,"true",2025-07-27T06:35:35.210Z,2025-07-27T06:35:35.210Z,,,,,,,,,"M-249",
"18","Amber","Uncategorized","",,,,"true",2025-07-27T06:35:35.210Z,2025-07-27T06:35:35.210Z,,,,,,,,,"M-118",
"19","Amber","Uncategorized","",,,,"true",2025-07-27T06:35:35.210Z,2025-07-27T06:35:35.210Z,,,,,,,,,"M-119",
"20","Amber","Uncategorized","",,,,"true",2025-07-27T06:35:35.210Z,2025-07-27T06:35:35.210Z,,,,,,,,,"M-120",
"8","Apex","Uncategorized","",,,,"true",2025-07-27T06:35:35.210Z,2025-07-27T06:35:35.210Z,,,,,,,,,"M-108",
"83","Aspire","Uncategorized","",,,,"true",2025-07-27T06:35:35.210Z,2025-07-27T06:35:35.210Z,,,,,,,,,"M-228",
"114","Asteroid","Uncategorized","",,,,"true",2025-07-27T06:35:35.210Z,2025-07-27T06:35:35.210Z,,,,,,,,,"M-305",
"46","Atlas","Uncategorized","",,,,"true",2025-07-27T06:35:35.210Z,2025-07-27T06:35:35.210Z,,,,,,,,,"M-146",
"38","Aulora","Uncategorized","",,,,"true",2025-07-27T06:35:35.210Z,2025-07-27T06:35:35.210Z,,,,,,,,,"M-138",
"39","Aulora","Uncategorized","",,,,"true",2025-07-27T06:35:35.210Z,2025-07-27T06:35:35.210Z,,,,,,,,,"M-139",
"49","Aurora","Uncategorized","",,,,"true",2025-07-27T06:35:35.210Z,2025-07-27T06:35:35.210Z,,,,,,,,,"M-149",
"118","Black Hole","Uncategorized","",,,,"true",2025-07-27T06:35:35.210Z,2025-07-27T06:35:35.210Z,,,,,,,,,"M-309",
"119","Black Hole","Uncategorized","",,,,"true",2025-07-27T06:35:35.210Z,2025-07-27T06:35:35.210Z,,,,,,,,,"M-310",
"150","Capricorn","Uncategorized","",,,,"true",2025-07-27T06:35:35.210Z,2025-07-27T06:35:35.210Z,,,,,,,,,"M-341",
"151","Capricorn","Uncategorized","",,,,"true",2025-07-27T06:35:35.210Z,2025-07-27T06:35:35.210Z,,,,,,,,,"M-342",
"102","Carnelian","Uncategorized","",,,,"true",2025-07-27T06:35:35.210Z,2025-07-27T06:35:35.210Z,,,,,,,,,"M-247",
"141","Centaurus","Uncategorized","",,,,"true",2025-07-27T06:35:35.210Z,2025-07-27T06:35:35.210Z,,,,,,,,,"M-332",
"142","Centaurus","Uncategorized","",,,,"true",2025-07-27T06:35:35.210Z,2025-07-27T06:35:35.210Z,,,,,,,,,"M-333",
"171","Chromatic Range","Uncategorized","",,,,"true",2025-07-27T06:35:35.210Z,2025-07-27T06:35:35.210Z,,,,,,,,,"M-416",
"172","Chromatic Range","Uncategorized","",,,,"true",2025-07-27T06:35:35.212Z,2025-07-27T06:35:35.212Z,,,,,,,,,"M-417",
"173","Chromatic Range","Uncategorized","",,,,"true",2025-07-27T06:35:35.212Z,2025-07-27T06:35:35.212Z,,,,,,,,,"M-418",
"174","Chromatic Range","Uncategorized","",,,,"true",2025-07-27T06:35:35.212Z,2025-07-27T06:35:35.212Z,,,,,,,,,"M-419",
"175","Chromatic Range","Uncategorized","",,,,"true",2025-07-27T06:35:35.212Z,2025-07-27T06:35:35.212Z,,,,,,,,,"M-420",
"176","Chromatic Range","Uncategorized","",,,,"true",2025-07-27T06:35:35.212Z,2025-07-27T06:35:35.212Z,,,,,,,,,"M-421",
"90","Citrine","Uncategorized","",,,,"true",2025-07-27T06:35:35.210Z,2025-07-27T06:35:35.210Z,,,,,,,,,"M-235",
"79","Classic","Uncategorized","",,,,"true",2025-07-27T06:35:35.210Z,2025-07-27T06:35:35.210Z,,,,,,,,,"M-224",
"112","Comet","Uncategorized","",,,,"true",2025-07-27T06:35:35.210Z,2025-07-27T06:35:35.210Z,,,,,,,,,"M-303",
"113","Comet","Uncategorized","",,,,"true",2025-07-27T06:35:35.210Z,2025-07-27T06:35:35.210Z,,,,,,,,,"M-304",
"44","Coral","Uncategorized","",,,,"true",2025-07-27T06:35:35.210Z,2025-07-27T06:35:35.210Z,,,,,,,,,"M-144",
"28","Cosmos","Uncategorized","",,,,"true",2025-07-27T06:35:35.210Z,2025-07-27T06:35:35.210Z,,,,,,,,,"M-128",
"29","Cosmos","Uncategorized","",,,,"true",2025-07-27T06:35:35.210Z,2025-07-27T06:35:35.210Z,,,,,,,,,"M-129",
"21","Crestview","Uncategorized","",,,,"true",2025-07-27T06:35:35.210Z,2025-07-27T06:35:35.210Z,,,,,,,,,"M-121",
"22","Crestview","Uncategorized","",,,,"true",2025-07-27T06:35:35.210Z,2025-07-27T06:35:35.210Z,,,,,,,,,"M-122",
"23","Crestview","Uncategorized","",,,,"true",2025-07-27T06:35:35.210Z,2025-07-27T06:35:35.210Z,,,,,,,,,"M-123",
"72","Crown","Uncategorized","",,,,"true",2025-07-27T06:35:35.210Z,2025-07-27T06:35:35.210Z,,,,,,,,,"M-217",
"73","Crown","Uncategorized","",,,,"true",2025-07-27T06:35:35.210Z,2025-07-27T06:35:35.210Z,,,,,,,,,"M-218",
"74","Crown","Uncategorized","",,,,"true",2025-07-27T06:35:35.210Z,2025-07-27T06:35:35.210Z,,,,,,,,,"M-219",
"156","Divine Pen 1","Uncategorized","",,,,"true",2025-07-27T06:35:35.210Z,2025-07-27T06:35:35.210Z,,,,,,,,,"M-401",
"157","Divine Pen 2","Uncategorized","",,,,"true",2025-07-27T06:35:35.210Z,2025-07-27T06:35:35.210Z,,,,,,,,,"M-402",
"158","Divine Pen 3","Uncategorized","",,,,"true",2025-07-27T06:35:35.210Z,2025-07-27T06:35:35.210Z,,,,,,,,,"M-403",
"159","Divine Pen 4","Uncategorized","",,,,"true",2025-07-27T06:35:35.210Z,2025-07-27T06:35:35.210Z,,,,,,,,,"M-404",
"160","Doctor Pen 1","Uncategorized","",,,,"true",2025-07-27T06:35:35.210Z,2025-07-27T06:35:35.210Z,,,,,,,,,"M-405",
"161","Doctor Pen 2","Uncategorized","",,,,"true",2025-07-27T06:35:35.210Z,2025-07-27T06:35:35.210Z,,,,,,,,,"M-406",
"162","Doctor Pen 3","Uncategorized","",,,,"true",2025-07-27T06:35:35.210Z,2025-07-27T06:35:35.210Z,,,,,,,,,"M-407",
"137","Draco","Uncategorized","",,,,"true",2025-07-27T06:35:35.210Z,2025-07-27T06:35:35.210Z,,,,,,,,,"M-328",
"138","Draco","Uncategorized","",,,,"true",2025-07-27T06:35:35.210Z,2025-07-27T06:35:35.210Z,,,,,,,,,"M-329",
"45","Dreamweaver","Uncategorized","",,,,"true",2025-07-27T06:35:35.210Z,2025-07-27T06:35:35.210Z,,,,,,,,,"M-145",
"77","Dynasty","Uncategorized","",,,,"true",2025-07-27T06:35:35.210Z,2025-07-27T06:35:35.210Z,,,,,,,,,"M-222",
"3","Eclipse","Uncategorized","",,,,"true",2025-07-27T06:35:35.210Z,2025-07-27T06:35:35.210Z,,,,,,,,,"M-103",
"86","Emerald","Uncategorized","",,,,"true",2025-07-27T06:35:35.210Z,2025-07-27T06:35:35.210Z,,,,,,,,,"M-231",
"56","Essence","Uncategorized","",,,,"true",2025-07-27T06:35:35.210Z,2025-07-27T06:35:35.210Z,,,,,,,,,"M-201",
"57","Essence","Uncategorized","",,,,"true",2025-07-27T06:35:35.210Z,2025-07-27T06:35:35.210Z,,,,,,,,,"M-202",
"89","Fuchsite","Uncategorized","",,,,"true",2025-07-27T06:35:35.210Z,2025-07-27T06:35:35.210Z,,,,,,,,,"M-234",
"53","Fusion","Uncategorized","",,,,"true",2025-07-27T06:35:35.210Z,2025-07-27T06:35:35.210Z,,,,,,,,,"M-153",
"110","Galaxy","Uncategorized","",,,,"true",2025-07-27T06:35:35.210Z,2025-07-27T06:35:35.210Z,,,,,,,,,"M-301",
"111","Galaxy","Uncategorized","",,,,"true",2025-07-27T06:35:35.210Z,2025-07-27T06:35:35.210Z,,,,,,,,,"M-302",
"30","Galeforce","Uncategorized","",,,,"true",2025-07-27T06:35:35.210Z,2025-07-27T06:35:35.210Z,,,,,,,,,"M-130",
"31","Galeforce","Uncategorized","",,,,"true",2025-07-27T06:35:35.210Z,2025-07-27T06:35:35.210Z,,,,,,,,,"M-131",
"154","Gemini","Uncategorized","",,,,"true",2025-07-27T06:35:35.210Z,2025-07-27T06:35:35.210Z,,,,,,,,,"M-345",
"155","Gemini","Uncategorized","",,,,"true",2025-07-27T06:35:35.210Z,2025-07-27T06:35:35.210Z,,,,,,,,,"M-346",
"70","Grand","Uncategorized","",,,,"true",2025-07-27T06:35:35.210Z,2025-07-27T06:35:35.210Z,,,,,,,,,"M-215",
"71","Grand","Uncategorized","",,,,"true",2025-07-27T06:35:35.210Z,2025-07-27T06:35:35.210Z,,,,,,,,,"M-216",
"84","Grossular","Uncategorized","",,,,"true",2025-07-27T06:35:35.210Z,2025-07-27T06:35:35.210Z,,,,,,,,,"M-229",
"55","Harmony","Uncategorized","",,,,"true",2025-07-27T06:35:35.210Z,2025-07-27T06:35:35.210Z,,,,,,,,,"M-155",
"65","Herderite","Uncategorized","",,,,"true",2025-07-27T06:35:35.210Z,2025-07-27T06:35:35.210Z,,,,,,,,,"M-210",
"42","Hollow","Uncategorized","",,,,"true",2025-07-27T06:35:35.210Z,2025-07-27T06:35:35.210Z,,,,,,,,,"M-142",
"43","Hollow","Uncategorized","",,,,"true",2025-07-27T06:35:35.210Z,2025-07-27T06:35:35.210Z,,,,,,,,,"M-143",
"12","Horizon","Uncategorized","",,,,"true",2025-07-27T06:35:35.210Z,2025-07-27T06:35:35.210Z,,,,,,,,,"M-112",
"13","Horizon","Uncategorized","",,,,"true",2025-07-27T06:35:35.210Z,2025-07-27T06:35:35.210Z,,,,,,,,,"M-113",
"14","Horizon","Uncategorized","",,,,"true",2025-07-27T06:35:35.210Z,2025-07-27T06:35:35.210Z,,,,,,,,,"M-114",
"140","Hydra","Uncategorized","",,,,"true",2025-07-27T06:35:35.210Z,2025-07-27T06:35:35.210Z,,,,,,,,,"M-331",
"32","Icebound","Uncategorized","",,,,"true",2025-07-27T06:35:35.210Z,2025-07-27T06:35:35.210Z,,,,,,,,,"M-132",
"33","Icebound","Uncategorized","",,,,"true",2025-07-27T06:35:35.210Z,2025-07-27T06:35:35.210Z,,,,,,,,,"M-133",
"67","Imperial","Uncategorized","",,,,"true",2025-07-27T06:35:35.210Z,2025-07-27T06:35:35.210Z,,,,,,,,,"M-212",
"97","Jade","Uncategorized","",,,,"true",2025-07-27T06:35:35.210Z,2025-07-27T06:35:35.210Z,,,,,,,,,"M-242",
"98","Jade","Uncategorized","",,,,"true",2025-07-27T06:35:35.210Z,2025-07-27T06:35:35.210Z,,,,,,,,,"M-243",
"132","Jupitor","Uncategorized","",,,,"true",2025-07-27T06:35:35.210Z,2025-07-27T06:35:35.210Z,,,,,,,,,"M-323",
"52","Kestrel","Uncategorized","",,,,"true",2025-07-27T06:35:35.210Z,2025-07-27T06:35:35.210Z,,,,,,,,,"M-152",
"60","Legacy","Uncategorized","",,,,"true",2025-07-27T06:35:35.210Z,2025-07-27T06:35:35.210Z,,,,,,,,,"M-205",
"61","Legacy","Uncategorized","",,,,"true",2025-07-27T06:35:35.210Z,2025-07-27T06:35:35.210Z,,,,,,,,,"M-206",
"146","Libra","Uncategorized","",,,,"true",2025-07-27T06:35:35.210Z,2025-07-27T06:35:35.210Z,,,,,,,,,"M-337",
"50","Lighthouse","Uncategorized","",,,,"true",2025-07-27T06:35:35.210Z,2025-07-27T06:35:35.210Z,,,,,,,,,"M-150",
"48","Luminary","Uncategorized","",,,,"true",2025-07-27T06:35:35.210Z,2025-07-27T06:35:35.210Z,,,,,,,,,"M-148",
"143","Lyra","Uncategorized","",,,,"true",2025-07-27T06:35:35.210Z,2025-07-27T06:35:35.210Z,,,,,,,,,"M-334",
"144","Lyra","Uncategorized","",,,,"true",2025-07-27T06:35:35.210Z,2025-07-27T06:35:35.210Z,,,,,,,,,"M-335",
"68","Magnate","Uncategorized","",,,,"true",2025-07-27T06:35:35.210Z,2025-07-27T06:35:35.210Z,,,,,,,,,"M-213",
"69","Magnate","Uncategorized","",,,,"true",2025-07-27T06:35:35.210Z,2025-07-27T06:35:35.210Z,,,,,,,,,"M-214",
"62","Majestic","Uncategorized","",,,,"true",2025-07-27T06:35:35.210Z,2025-07-27T06:35:35.210Z,,,,,,,,,"M-207",
"163","Marble Pen 1","Uncategorized","",,,,"true",2025-07-27T06:35:35.210Z,2025-07-27T06:35:35.210Z,,,,,,,,,"M-408",
"164","Marble Pen 2","Uncategorized","",,,,"true",2025-07-27T06:35:35.210Z,2025-07-27T06:35:35.210Z,,,,,,,,,"M-409",
"131","Mercury","Uncategorized","",,,,"true",2025-07-27T06:35:35.210Z,2025-07-27T06:35:35.210Z,,,,,,,,,"M-322",
"87","Meridian","Uncategorized","",,,,"true",2025-07-27T06:35:35.210Z,2025-07-27T06:35:35.210Z,,,,,,,,,"M-232",
"122","Meteor","Uncategorized","",,,,"true",2025-07-27T06:35:35.210Z,2025-07-27T06:35:35.210Z,,,,,,,,,"M-313",
"123","Meteor","Uncategorized","",,,,"true",2025-07-27T06:35:35.210Z,2025-07-27T06:35:35.210Z,,,,,,,,,"M-314",
"105","Morganite","Uncategorized","",,,,"true",2025-07-27T06:35:35.210Z,2025-07-27T06:35:35.210Z,,,,,,,,,"M-250",
"47","Mystic","Uncategorized","",,,,"true",2025-07-27T06:35:35.210Z,2025-07-27T06:35:35.210Z,,,,,,,,,"M-147",
"120","Nebula","Uncategorized","",,,,"true",2025-07-27T06:35:35.210Z,2025-07-27T06:35:35.210Z,,,,,,,,,"M-311",
"121","Nebula","Uncategorized","",,,,"true",2025-07-27T06:35:35.210Z,2025-07-27T06:35:35.210Z,,,,,,,,,"M-312",
"129","Neptune","Uncategorized","",,,,"true",2025-07-27T06:35:35.210Z,2025-07-27T06:35:35.210Z,,,,,,,,,"M-320",
"51","Nexus","Uncategorized","",,,,"true",2025-07-27T06:35:35.210Z,2025-07-27T06:35:35.210Z,,,,,,,,,"M-151",
"76","Noble","Uncategorized","",,,,"true",2025-07-27T06:35:35.210Z,2025-07-27T06:35:35.210Z,,,,,,,,,"M-221",
"24","Northwind","Uncategorized","",,,,"true",2025-07-27T06:35:35.210Z,2025-07-27T06:35:35.210Z,,,,,,,,,"M-124",
"25","Northwind","Uncategorized","",,,,"true",2025-07-27T06:35:35.210Z,2025-07-27T06:35:35.210Z,,,,,,,,,"M-125",
"5","Nova","Uncategorized","",,,,"true",2025-07-27T06:35:35.210Z,2025-07-27T06:35:35.210Z,,,,,,,,,"M-105",
"92","Opal","Uncategorized","",,,,"true",2025-07-27T06:35:35.210Z,2025-07-27T06:35:35.210Z,,,,,,,,,"M-237",
"66","Opulence","Uncategorized","",,,,"true",2025-07-27T06:35:35.210Z,2025-07-27T06:35:35.210Z,,,,,,,,,"M-211",
"133","Orion","Uncategorized","",,,,"true",2025-07-27T06:35:35.210Z,2025-07-27T06:35:35.210Z,,,,,,,,,"M-324",
"134","Orion","Uncategorized","",,,,"true",2025-07-27T06:35:35.210Z,2025-07-27T06:35:35.210Z,,,,,,,,,"M-325",
"94","Pearl","Uncategorized","",,,,"true",2025-07-27T06:35:35.210Z,2025-07-27T06:35:35.210Z,,,,,,,,,"M-239",
"95","Pearl","Uncategorized","",,,,"true",2025-07-27T06:35:35.210Z,2025-07-27T06:35:35.210Z,,,,,,,,,"M-240",
"96","Pearl","Uncategorized","",,,,"true",2025-07-27T06:35:35.210Z,2025-07-27T06:35:35.210Z,,,,,,,,,"M-241",
"139","Phoenix","Uncategorized","",,,,"true",2025-07-27T06:35:35.210Z,2025-07-27T06:35:35.210Z,,,,,,,,,"M-330",
"58","Pinnacle","Uncategorized","",,,,"true",2025-07-27T06:35:35.210Z,2025-07-27T06:35:35.210Z,,,,,,,,,"M-203",
"59","Pinnacle","Uncategorized","",,,,"true",2025-07-27T06:35:35.210Z,2025-07-27T06:35:35.210Z,,,,,,,,,"M-204",
"152","Pisces","Uncategorized","",,,,"true",2025-07-27T06:35:35.210Z,2025-07-27T06:35:35.210Z,,,,,,,,,"M-343",
"153","Pisces","Uncategorized","",,,,"true",2025-07-27T06:35:35.210Z,2025-07-27T06:35:35.210Z,,,,,,,,,"M-344",
"130","Pluto","Uncategorized","",,,,"true",2025-07-27T06:35:35.210Z,2025-07-27T06:35:35.210Z,,,,,,,,,"M-321",
"64","Prestige","Uncategorized","",,,,"true",2025-07-27T06:35:35.210Z,2025-07-27T06:35:35.210Z,,,,,,,,,"M-209",
"82","Prime","Uncategorized","",,,,"true",2025-07-27T06:35:35.210Z,2025-07-27T06:35:35.210Z,,,,,,,,,"M-227",
"115","Pulsar","Uncategorized","",,,,"true",2025-07-27T06:35:35.210Z,2025-07-27T06:35:35.210Z,,,,,,,,,"M-306",
"9","Quantum","Uncategorized","",,,,"true",2025-07-27T06:35:35.210Z,2025-07-27T06:35:35.210Z,,,,,,,,,"M-109",
"10","Quantum","Uncategorized","",,,,"true",2025-07-27T06:35:35.210Z,2025-07-27T06:35:35.210Z,,,,,,,,,"M-110",
"11","Quantum","Uncategorized","",,,,"true",2025-07-27T06:35:35.210Z,2025-07-27T06:35:35.210Z,,,,,,,,,"M-111",
"99","Quartz","Uncategorized","",,,,"true",2025-07-27T06:35:35.210Z,2025-07-27T06:35:35.210Z,,,,,,,,,"M-244",
"100","Quartz","Uncategorized","",,,,"true",2025-07-27T06:35:35.210Z,2025-07-27T06:35:35.210Z,,,,,,,,,"M-245",
"116","Quasar","Uncategorized","",,,,"true",2025-07-27T06:35:35.210Z,2025-07-27T06:35:35.210Z,,,,,,,,,"M-307",
"81","Radiant","Uncategorized","",,,,"true",2025-07-27T06:35:35.210Z,2025-07-27T06:35:35.210Z,,,,,,,,,"M-226",
"63","Regal","Uncategorized","",,,,"true",2025-07-27T06:35:35.210Z,2025-07-27T06:35:35.210Z,,,,,,,,,"M-208",
"148","Sagittarius","Uncategorized","",,,,"true",2025-07-27T06:35:35.210Z,2025-07-27T06:35:35.210Z,,,,,,,,,"M-339",
"149","Sagittarius","Uncategorized","",,,,"true",2025-07-27T06:35:35.210Z,2025-07-27T06:35:35.210Z,,,,,,,,,"M-340",
"127","Saturn","Uncategorized","",,,,"true",2025-07-27T06:35:35.210Z,2025-07-27T06:35:35.210Z,,,,,,,,,"M-318",
"147","Scorpio","Uncategorized","",,,,"true",2025-07-27T06:35:35.210Z,2025-07-27T06:35:35.210Z,,,,,,,,,"M-338",
"106","Serpentine","Uncategorized","",,,,"true",2025-07-27T06:35:35.210Z,2025-07-27T06:35:35.210Z,,,,,,,,,"M-251",
"34","Silversky","Uncategorized","",,,,"true",2025-07-27T06:35:35.210Z,2025-07-27T06:35:35.210Z,,,,,,,,,"M-134",
"35","Silversky","Uncategorized","",,,,"true",2025-07-27T06:35:35.210Z,2025-07-27T06:35:35.210Z,,,,,,,,,"M-135",
"36","Skyreach","Uncategorized","",,,,"true",2025-07-27T06:35:35.210Z,2025-07-27T06:35:35.210Z,,,,,,,,,"M-136",
"37","Skyreach","Uncategorized","",,,,"true",2025-07-27T06:35:35.210Z,2025-07-27T06:35:35.210Z,,,,,,,,,"M-137",
"108","Sodalite","Uncategorized","",,,,"true",2025-07-27T06:35:35.210Z,2025-07-27T06:35:35.210Z,,,,,,,,,"M-253",
"88","Solaris","Uncategorized","",,,,"true",2025-07-27T06:35:35.210Z,2025-07-27T06:35:35.210Z,,,,,,,,,"M-233",
"1","Sovereign","Uncategorized","",,,,"true",2025-07-27T06:35:35.208Z,2025-07-27T06:35:35.208Z,,,,,,,,,"M-101",
"54","Spectrum","Uncategorized","",,,,"true",2025-07-27T06:35:35.210Z,2025-07-27T06:35:35.210Z,,,,,,,,,"M-154",
"7","Stellar","Uncategorized","",,,,"true",2025-07-27T06:35:35.210Z,2025-07-27T06:35:35.210Z,,,,,,,,,"M-107",
"6","Summit","Uncategorized","",,,,"true",2025-07-27T06:35:35.210Z,2025-07-27T06:35:35.210Z,,,,,,,,,"M-106",
"107","Sunstone","Uncategorized","",,,,"true",2025-07-27T06:35:35.210Z,2025-07-27T06:35:35.210Z,,,,,,,,,"M-252",
"117","Supernova","Uncategorized","",,,,"true",2025-07-27T06:35:35.210Z,2025-07-27T06:35:35.210Z,,,,,,,,,"M-308",
"91","Tanzanite","Uncategorized","",,,,"true",2025-07-27T06:35:35.210Z,2025-07-27T06:35:35.210Z,,,,,,,,,"M-236",
"145","Taurus","Uncategorized","",,,,"true",2025-07-27T06:35:35.210Z,2025-07-27T06:35:35.210Z,,,,,,,,,"M-336",
"109","Tiger’s Eye","Uncategorized","",,,,"true",2025-07-27T06:35:35.210Z,2025-07-27T06:35:35.210Z,,,,,,,,,"M-254",
"4","Titan","Uncategorized","",,,,"true",2025-07-27T06:35:35.210Z,2025-07-27T06:35:35.210Z,,,,,,,,,"M-104",
"93","Topaz","Uncategorized","",,,,"true",2025-07-27T06:35:35.210Z,2025-07-27T06:35:35.210Z,,,,,,,,,"M-238",
"78","Triumph","Uncategorized","",,,,"true",2025-07-27T06:35:35.210Z,2025-07-27T06:35:35.210Z,,,,,,,,,"M-223",
"85","Unakite","Uncategorized","",,,,"true",2025-07-27T06:35:35.210Z,2025-07-27T06:35:35.210Z,,,,,,,,,"M-230",
"128","Uranus","Uncategorized","",,,,"true",2025-07-27T06:35:35.210Z,2025-07-27T06:35:35.210Z,,,,,,,,,"M-319",
"135","Ursa","Uncategorized","",,,,"true",2025-07-27T06:35:35.210Z,2025-07-27T06:35:35.210Z,,,,,,,,,"M-326",
"136","Ursa","Uncategorized","",,,,"true",2025-07-27T06:35:35.210Z,2025-07-27T06:35:35.210Z,,,,,,,,,"M-327",
"75","Vanguard","Uncategorized","",,,,"true",2025-07-27T06:35:35.210Z,2025-07-27T06:35:35.210Z,,,,,,,,,"M-220",
"40","Velocity","Uncategorized","",,,,"true",2025-07-27T06:35:35.210Z,2025-07-27T06:35:35.210Z,,,,,,,,,"M-140",
"41","Velocity","Uncategorized","",,,,"true",2025-07-27T06:35:35.210Z,2025-07-27T06:35:35.210Z,,,,,,,,,"M-141",
"124","Venus","Uncategorized","",,,,"true",2025-07-27T06:35:35.210Z,2025-07-27T06:35:35.210Z,,,,,,,,,"M-315",
"125","Venus","Uncategorized","",,,,"true",2025-07-27T06:35:35.210Z,2025-07-27T06:35:35.210Z,,,,,,,,,"M-316",
"126","Venus","Uncategorized","",,,,"true",2025-07-27T06:35:35.210Z,2025-07-27T06:35:35.210Z,,,,,,,,,"M-317",
"26","Verdant","Uncategorized","",,,,"true",2025-07-27T06:35:35.210Z,2025-07-27T06:35:35.210Z,,,,,,,,,"M-126",
"27","Verdant","Uncategorized","",,,,"true",2025-07-27T06:35:35.210Z,2025-07-27T06:35:35.210Z,,,,,,,,,"M-127",
"15","Vortex","Uncategorized","",,,,"true",2025-07-27T06:35:35.210Z,2025-07-27T06:35:35.210Z,,,,,,,,,"M-115",
"16","Vortex","Uncategorized","",,,,"true",2025-07-27T06:35:35.210Z,2025-07-27T06:35:35.210Z,,,,,,,,,"M-116",
"17","Vortex","Uncategorized","",,,,"true",2025-07-27T06:35:35.210Z,2025-07-27T06:35:35.210Z,,,,,,,,,"M-117",
"165","Wooden Pen 1","Uncategorized","",,,,"true",2025-07-27T06:35:35.210Z,2025-07-27T06:35:35.210Z,,,,,,,,,"M-410",
"166","Wooden Pen 2","Uncategorized","",,,,"true",2025-07-27T06:35:35.210Z,2025-07-27T06:35:35.210Z,,,,,,,,,"M-411",
"167","Wooden Pen 3","Uncategorized","",,,,"true",2025-07-27T06:35:35.210Z,2025-07-27T06:35:35.210Z,,,,,,,,,"M-412",
"168","Wooden Pen 4","Uncategorized","",,,,"true",2025-07-27T06:35:35.210Z,2025-07-27T06:35:35.210Z,,,,,,,,,"M-413",
"169","Wooden Pen 5","Uncategorized","",,,,"true",2025-07-27T06:35:35.210Z,2025-07-27T06:35:35.210Z,,,,,,,,,"M-414",
"170","Wooden Pen 6","Uncategorized","",,,,"true",2025-07-27T06:35:35.210Z,2025-07-27T06:35:35.210Z,,,,,,,,,"M-415",
"2","Zenith","Uncategorized","",,,,"true",2025-07-27T06:35:35.210Z,2025-07-27T06:35:35.210Z,,,,,,,,,"M-102",
"101","Zircon","Uncategorized","",,,,"true",2025-07-27T06:35:35.210Z,2025-07-27T06:35:35.210Z,,,,,,,,,"M-246",
"360","Urinal Screen Deodorizer Mat","Urinal Screen Deodorizer Mats","","Durable, non-slip urinal screen mat designed to fit in urinals, trap debris, prevent clogs, and release a fresh fragrance to maintain restroom cleanliness and hygiene. Especially suited for high-traffic public restrooms.",,,"true",2025-07-27T06:35:35.239Z,2025-07-27T06:35:35.239Z,,,,"Traps debris, prevents clogs, Fresh and clean scent (lemon, orange, rose, ocean), Multi-colour, standard size, Flexible to fit all urinals, Anti-splash design, Controls restroom odor",,,,,,